Cell_Type,Precision,Recall,F1_Score,Support,Batch
dysentery,0.9827147941026945,0.9578790882061446,0.970138017565872,2018,B1
health,0.952058657642414,0.9802555168408827,0.9659513590844063,1722,B1
