Cell_Type,Precision,Recall,F1_Score,Support,Batch
dysentery,0.9963336388634281,0.9801623083859333,0.9881818181818182,2218,B2
health,0.9737313432835821,0.9951189749847468,0.9843089921544961,1639,B2
