Cell_Type,Precision,Recall,F1_Score,Support,Batch
dysentery,0.9827147941026945,0.9578790882061446,0.970138017565872,2018,B1
health,0.952058657642414,0.9802555168408827,0.9659513590844063,1722,B1
dysentery,0.9963336388634281,0.9801623083859333,0.9881818181818182,2218,B2
health,0.9737313432835821,0.9951189749847468,0.9843089921544961,1639,B2
