Batch,Overall_Accuracy,Macro_Precision,Macro_Recall,Macro_F1,Weighted_Precision,Weighted_Recall,Weighted_F1
b1,0.9681818181818181,0.9673867258725543,0.9690673025235137,0.9680446883251392,0.9685998564062765,0.9681818181818181,0.9682103635805555
b2,0.9865180191858958,0.9850324910735051,0.98764064168534,0.9862454051681571,0.9867289817580697,0.9865180191858958,0.9865360930434254
